<?xml version="1.0" encoding="UTF-8"?>
<orbitvu>
  <sequence3d hangles="24" name="a_" vangles="1">
    <scales>
      <scale width="2784" cols="3" tile_width="928" tile_height="928" height="1856" rows="2" value="100.0"/>
      <scale width="1392" cols="2" tile_width="696" tile_height="928" height="928" rows="1" value="50.0"/>
      <scale width="1024" cols="1" tile_width="1024" tile_height="682" height="682" rows="1" value="36.8"/>
      <scale width="768" cols="1" tile_width="768" tile_height="512" height="512" rows="1" value="27.6"/>
      <scale width="512" cols="1" tile_width="512" tile_height="341" height="341" rows="1" value="18.4"/>
      <scale width="256" cols="1" tile_width="256" tile_height="170" height="170" rows="1" value="9.2"/>
      <scale width="128" cols="1" tile_width="128" tile_height="85" height="85" rows="1" value="4.6"/>
    </scales>
    <images maxHeight="1856" maxWidth="2784" ext="jpg" name="a_"/>
  </sequence3d>
  <images>
    <img width="800" height="534" name="img_0001.jpg"/>
    <img width="800" height="534" name="img_0002.jpg"/>
    <img width="800" height="534" name="img_0003.jpg"/>
    <img width="800" height="534" name="img_0004.jpg"/>
    <img width="800" height="534" name="img_0005.jpg"/>
    <img width="800" height="534" name="img_0006.jpg"/>
    <img width="800" height="534" name="img_0007.jpg"/>
    <img width="800" height="534" name="img_0008.jpg"/>
    <img width="800" height="534" name="img_0009.jpg"/>
    <img width="800" height="534" name="img_0010.jpg"/>
    <img width="800" height="534" name="img_0011.jpg"/>
    <img width="800" height="534" name="img_0012.jpg"/>
    <img width="800" height="534" name="img_0013.jpg"/>
    <img width="800" height="534" name="img_0014.jpg"/>
    <img width="800" height="534" name="img_0015.jpg"/>
    <img width="800" height="534" name="img_0016.jpg"/>
    <img width="800" height="534" name="img_0017.jpg"/>
    <img width="800" height="534" name="img_0018.jpg"/>
    <img width="800" height="534" name="img_0019.jpg"/>
    <img width="800" height="534" name="img_0020.jpg"/>
    <img width="800" height="534" name="img_0021.jpg"/>
    <img width="800" height="534" name="img_0022.jpg"/>
    <img width="800" height="534" name="img_0023.jpg"/>
    <img width="800" height="534" name="img_0024.jpg"/>
  </images>
  <properties>
    <property type="text" name="name">Sljem</property>
    <property type="text" name="author"></property>
    <property type="text" name="category1"></property>
    <property type="text" name="category2"></property>
  </properties>
</orbitvu>
